<?xml version="1.0" encoding="UTF-8"?>

<logger name="commonsLoggingDemoLogger" class="org.jpos.q2.qbean.LoggerAdaptor">
  <!--
  <log-listener class="org.jpos.util.ProtectedLogListener">
    <property name="protect" value="2 14 35 45" />
    <property name="wipe"    value="52 55 120" />
  </log-listener>
  <log-listener class="org.jpos.util.STLogListener">
   <property name="path" value="cfg" />
   <property name="skin" value="jpos.stg" />
  </log-listener>
  -->
  <log-listener class="org.jpos.util.SimpleLogListener" />

  <log-listener class="org.jpos.util.RotateLogListener">
    <property name="file" value="log/commonsLoggingDemo.log" />
    <property name="window" value="86400" />
    <property name="copies" value="90" />
    <property name="maxsize" value="100000000" />
  </log-listener>
</logger>

