<?xml version="1.0" encoding="ISO-8859-1"?>
<project name="retailmac" default="all">
  
  
  <property file="retailmac.properties"/>
  <!-- Uncomment the following property if no tests compilation is needed -->
  <!-- 
  <property name="skip.tests" value="true"/>
   -->
  
  <!-- Compiler options -->
  
  <property name="compiler.debug" value="on"/>
  <property name="compiler.generate.no.warnings" value="off"/>
  <property name="compiler.args" value=""/>
  <property name="compiler.max.memory" value="128m"/>
  <patternset id="ignored.files">
    <exclude name="**/CVS/**"/>
    <exclude name="**/SCCS/**"/>
    <exclude name="**/RCS/**"/>
    <exclude name="**/rcs/**"/>
    <exclude name="**/.DS_Store/**"/>
    <exclude name="**/.svn/**"/>
    <exclude name="**/vssver.scc/**"/>
    <exclude name="**/vssver2.scc/**"/>
    <exclude name="**/.sbas/**"/>
    <exclude name="**/.IJI.*/**"/>
  </patternset>
  <patternset id="compiler.resources">
    <include name="**/?*.properties"/>
    <include name="**/?*.xml"/>
    <include name="**/?*.gif"/>
    <include name="**/?*.png"/>
    <include name="**/?*.jpeg"/>
    <include name="**/?*.jpg"/>
    <include name="**/?*.html"/>
    <include name="**/?*.dtd"/>
    <include name="**/?*.tld"/>
    <include name="**/?*.drl"/>
  </patternset>
  
  
  <!-- Global Libraries -->
  
  
  <!-- Application Server Libraries -->
  
  <!-- Modules -->
  
  
  <!-- Module retailMac -->
  
  <dirname property="module.retailmac.basedir" file="${ant.file}"/>
  
  
  
  <property name="compiler.args.retailmac" value="${compiler.args}"/>
  
  <property name="retailmac.output.dir" value="${module.retailmac.basedir}/out/production/retailMac"/>
  <property name="retailmac.testoutput.dir" value="${module.retailmac.basedir}/out/test/retailMac"/>
  
  <path id="retailmac.module.bootclasspath">
    <!-- Paths to be included in compilation bootclasspath -->
  </path>
  
  <path id="retailmac.module.classpath"/>
  
  <path id="retailmac.runtime.module.classpath"/>
  
  
  <patternset id="excluded.from.module.retailmac">
    <patternset refid="ignored.files"/>
  </patternset>
  
  <patternset id="excluded.from.compilation.retailmac">
    <patternset refid="excluded.from.module.retailmac"/>
  </patternset>
  
  <path id="retailmac.module.sourcepath">
    <dirset dir="${module.retailmac.basedir}">
      <include name="src"/>
    </dirset>
  </path>
  
  
  <target name="compile.module.retailmac" depends="compile.module.retailmac.production,compile.module.retailmac.tests" description="Compile module retailMac"/>
  
  <target name="compile.module.retailmac.production" description="Compile module retailMac; production classes">
    <mkdir dir="${retailmac.output.dir}"/>
    <javac destdir="${retailmac.output.dir}" debug="${compiler.debug}" nowarn="${compiler.generate.no.warnings}" memorymaximumsize="${compiler.max.memory}" fork="true">
      <compilerarg line="${compiler.args.retailmac}"/>
      <bootclasspath refid="retailmac.module.bootclasspath"/>
      <classpath refid="retailmac.module.classpath"/>
      <src refid="retailmac.module.sourcepath"/>
      <patternset refid="excluded.from.compilation.retailmac"/>
    </javac>
    
    <copy todir="${retailmac.output.dir}">
      <fileset dir="${module.retailmac.basedir}/src">
        <patternset refid="compiler.resources"/>
        <type type="file"/>
      </fileset>
    </copy>
  </target>
  
  <target name="compile.module.retailmac.tests" depends="compile.module.retailmac.production" description="compile module retailMac; test classes" unless="skip.tests"/>
  
  <target name="clean.module.retailmac" description="cleanup module">
    <delete dir="${retailmac.output.dir}"/>
    <delete dir="${retailmac.testoutput.dir}"/>
  </target>
  
  <target name="init" description="Build initialization">
    <!-- Perform any build initialization in this target -->
  </target>
  
  <target name="clean" depends="clean.module.retailmac" description="cleanup all"/>
  
  <target name="all" depends="init, clean, compile.module.retailmac" description="build all"/>
</project>